<?xml version="1.0" encoding="UTF-8" ?>
<csvDataAdapter class="net.sf.jasperreports.data.csv.CsvDataAdapterImpl"><name>SampleCsvDataSource</name><dataFile xmlns:xsi="http://www.w3.org/2001/XMLSchema-instance" xsi:type="repositoryDataLocation"><location>CsvDataSource.txt</location></dataFile><recordDelimiter>
</recordDelimiter><fieldDelimiter>,</fieldDelimiter><useFirstRowAsHeader>false</useFirstRowAsHeader><locale xmlns:xsi="http://www.w3.org/2001/XMLSchema-instance" xmlns:java="http://java.sun.com" xsi:type="java:java.lang.String">en_US</locale><timeZone xmlns:xsi="http://www.w3.org/2001/XMLSchema-instance" xmlns:java="http://java.sun.com" xsi:type="java:java.lang.String">Europe/Rome</timeZone><queryExecuterMode>false</queryExecuterMode><columnNames>city</columnNames><columnNames>id</columnNames><columnNames>name</columnNames><columnNames>address</columnNames><columnNames>state</columnNames></csvDataAdapter>