<?xml version="1.0" encoding="UTF-8" ?>
<csvDataAdapter class="net.sf.jasperreports.data.csv.CsvDataAdapterImpl"><name>SpiderChart Data Adapter</name><dataFile xmlns:xsi="http://www.w3.org/2001/XMLSchema-instance" xsi:type="repositoryDataLocation"><location>data/spiderDatasource.csv</location></dataFile><encoding>UTF-8</encoding><recordDelimiter>
</recordDelimiter><fieldDelimiter>,</fieldDelimiter><useFirstRowAsHeader>false</useFirstRowAsHeader><locale xmlns:xsi="http://www.w3.org/2001/XMLSchema-instance" xmlns:java="http://java.sun.com" xsi:type="java:java.lang.String">en_US</locale><timeZone xmlns:xsi="http://www.w3.org/2001/XMLSchema-instance" xmlns:java="http://java.sun.com" xsi:type="java:java.lang.String">Europe/Rome</timeZone><queryExecuterMode>false</queryExecuterMode><columnNames>value</columnNames><columnNames>series</columnNames><columnNames>category</columnNames></csvDataAdapter>