﻿"id","sales_date_of_close_id","sales_date_of_start_id","sales_person_id","sales_account_id","sales_location_id","sales_state_id","amount","time_to_close","probability","id1","first_name","last_name","full_name","manager_id","id2","sales_state"
2722,186,98,10,554,554,6,800,12,75,10,"Beth","Sasseen","beth",3,6,"Needs Analysis"
555,58,24,10,120,120,6,56090,71,25,10,"Beth","Sasseen","beth",3,6,"Needs Analysis"
3646,250,125,10,739,739,6,6290,36,85,10,"Beth","Sasseen","beth",3,6,"Needs Analysis"
2087,157,78,10,427,427,6,10240,45,70,10,"Beth","Sasseen","beth",3,6,"Needs Analysis"
442,55,20,10,97,97,6,95060,74,75,10,"Beth","Sasseen","beth",3,6,"Needs Analysis"
4008,260,135,10,812,812,6,920,15,75,10,"Beth","Sasseen","beth",3,6,"Needs Analysis"
256,30,12,10,60,60,6,10560,52,90,10,"Beth","Sasseen","beth",3,6,"Needs Analysis"
2703,203,98,10,550,550,6,60300,71,25,10,"Beth","Sasseen","beth",3,6,"Needs Analysis"
3645,250,125,10,739,739,6,2590,32,60,10,"Beth","Sasseen","beth",3,6,"Needs Analysis"
1825,140,70,10,374,374,6,20210,40,60,10,"Beth","Sasseen","beth",3,6,"Needs Analysis"
1043,98,43,10,217,217,6,55150,80,85,10,"Beth","Sasseen","beth",3,6,"Needs Analysis"
3874,269,131,10,785,785,6,95390,71,75,10,"Beth","Sasseen","beth",3,6,"Needs Analysis"
1972,155,75,10,404,404,6,10740,53,90,10,"Beth","Sasseen","beth",3,6,"Needs Analysis"
1582,117,62,10,326,326,6,1210,10,85,10,"Beth","Sasseen","beth",3,6,"Needs Analysis"
4663,309,154,10,942,943,6,10480,40,70,10,"Beth","Sasseen","beth",3,6,"Needs Analysis"
3298,223,115,10,670,670,6,1360,14,85,10,"Beth","Sasseen","beth",3,6,"Needs Analysis"
4118,277,138,10,834,834,6,10920,50,90,10,"Beth","Sasseen","beth",3,6,"Needs Analysis"
802,61,34,10,169,169,6,1420,11,90,10,"Beth","Sasseen","beth",3,6,"Needs Analysis"
3688,255,126,10,748,748,6,10890,54,90,10,"Beth","Sasseen","beth",3,6,"Needs Analysis"
4158,271,140,10,842,842,6,1420,12,85,10,"Beth","Sasseen","beth",3,6,"Needs Analysis"
4075,271,137,10,825,825,5,2620,35,60,10,"Beth","Sasseen","beth",3,5,"Negotiation/Review"
4505,297,149,10,910,911,5,2650,33,60,10,"Beth","Sasseen","beth",3,5,"Negotiation/Review"
2255,168,84,10,460,460,5,20270,36,60,10,"Beth","Sasseen","beth",3,5,"Negotiation/Review"
3127,231,110,10,636,636,5,56330,75,25,10,"Beth","Sasseen","beth",3,5,"Negotiation/Review"
3541,244,122,10,718,718,5,20390,37,60,10,"Beth","Sasseen","beth",3,5,"Negotiation/Review"
4417,305,147,10,893,894,5,56450,79,25,10,"Beth","Sasseen","beth",3,5,"Negotiation/Review"
372,30,17,10,83,83,5,1360,14,90,10,"Beth","Sasseen","beth",3,5,"Negotiation/Review"
4831,318,159,10,975,976,5,20480,35,60,10,"Beth","Sasseen","beth",3,5,"Negotiation/Review"
1655,138,64,10,340,340,5,70210,80,50,10,"Beth","Sasseen","beth",3,5,"Negotiation/Review"
369,47,17,10,82,82,5,70060,73,50,10,"Beth","Sasseen","beth",3,5,"Negotiation/Review"
4664,301,154,10,942,943,5,1780,11,90,10,"Beth","Sasseen","beth",3,5,"Negotiation/Review"
799,79,34,10,168,168,5,70120,68,50,10,"Beth","Sasseen","beth",3,5,"Negotiation/Review"
3577,248,123,10,726,726,5,11390,45,50,10,"Beth","Sasseen","beth",3,5,"Negotiation/Review"
4437,297,148,10,897,898,5,11450,45,50,10,"Beth","Sasseen","beth",3,5,"Negotiation/Review"
2570,198,94,10,523,523,5,95300,77,50,10,"Beth","Sasseen","beth",3,5,"Negotiation/Review"
138,13,6,10,30,30,5,20030,37,60,10,"Beth","Sasseen","beth",3,5,"Negotiation/Review"
29,15,2,10,7,7,5,95030,71,50,10,"Beth","Sasseen","beth",3,5,"Negotiation/Review"
210,30,11,10,51,51,5,5630,57,45,10,"Beth","Sasseen","beth",3,5,"Negotiation/Review"
1396,110,55,10,288,288,5,20180,38,60,10,"Beth","Sasseen","beth",3,5,"Negotiation/Review"
2999,221,106,10,609,609,5,95330,73,50,10,"Beth","Sasseen","beth",3,5,"Negotiation/Review"
3374,227,117,10,685,685,5,1660,15,90,10,"Beth","Sasseen","beth",3,5,"Negotiation/Review"
4286,295,143,10,866,867,5,95450,71,50,10,"Beth","Sasseen","beth",3,5,"Negotiation/Review"
2442,174,90,10,498,498,5,1270,11,85,10,"Beth","Sasseen","beth",3,5,"Negotiation/Review"
613,65,27,10,131,131,5,55090,74,85,10,"Beth","Sasseen","beth",3,5,"Negotiation/Review"
2271,177,85,10,464,464,5,56270,73,25,10,"Beth","Sasseen","beth",3,5,"Negotiation/Review"
2759,207,99,10,561,561,5,55300,73,85,10,"Beth","Sasseen","beth",3,5,"Negotiation/Review"
4849,326,159,10,979,980,5,60480,74,25,10,"Beth","Sasseen","beth",3,5,"Negotiation/Review"
4548,305,151,10,919,920,5,10950,51,90,10,"Beth","Sasseen","beth",3,5,"Negotiation/Review"
1070,93,44,10,223,223,5,5750,55,45,10,"Beth","Sasseen","beth",3,5,"Negotiation/Review"
2292,165,85,10,468,468,5,770,15,75,10,"Beth","Sasseen","beth",3,5,"Negotiation/Review"
3148,212,111,10,640,640,5,830,10,75,10,"Beth","Sasseen","beth",3,5,"Negotiation/Review"
4076,271,137,10,825,825,5,6320,35,85,10,"Beth","Sasseen","beth",3,5,"Negotiation/Review"
4661,318,154,10,941,942,5,70480,70,50,10,"Beth","Sasseen","beth",3,5,"Negotiation/Review"
3212,231,113,10,653,653,5,5960,59,45,10,"Beth","Sasseen","beth",3,5,"Negotiation/Review"
151,26,7,10,34,34,5,56030,69,25,10,"Beth","Sasseen","beth",3,5,"Negotiation/Review"
4506,297,149,10,910,911,5,6350,38,85,10,"Beth","Sasseen","beth",3,5,"Negotiation/Review"
3801,267,129,10,770,770,5,70390,77,50,10,"Beth","Sasseen","beth",3,5,"Negotiation/Review"
3129,229,110,10,636,636,5,60330,72,25,10,"Beth","Sasseen","beth",3,5,"Negotiation/Review"
987,96,42,10,206,206,5,60150,74,25,10,"Beth","Sasseen","beth",3,5,"Negotiation/Review"
2291,172,85,10,468,468,3,11270,43,50,10,"Beth","Sasseen","beth",3,3,"Prospecting"
1116,96,46,10,232,232,3,10650,51,90,10,"Beth","Sasseen","beth",3,3,"Prospecting"
3371,244,117,10,684,684,3,70360,68,50,10,"Beth","Sasseen","beth",3,3,"Prospecting"
2786,203,100,10,567,567,3,5900,59,45,10,"Beth","Sasseen","beth",3,3,"Prospecting"
1469,126,58,10,303,303,3,55180,78,85,10,"Beth","Sasseen","beth",3,3,"Prospecting"
4438,286,148,10,897,898,3,950,10,75,10,"Beth","Sasseen","beth",3,3,"Prospecting"
1861,142,71,10,382,382,3,11210,44,50,10,"Beth","Sasseen","beth",3,3,"Prospecting"
1074,87,44,10,223,223,3,6050,35,85,10,"Beth","Sasseen","beth",3,3,"Prospecting"
3856,271,131,10,781,781,3,95390,79,50,10,"Beth","Sasseen","beth",3,3,"Prospecting"
171,11,8,10,38,38,3,530,14,75,10,"Beth","Sasseen","beth",3,3,"Prospecting"
3804,252,129,10,771,771,3,1690,13,90,10,"Beth","Sasseen","beth",3,3,"Prospecting"
2012,144,76,10,412,412,3,1240,14,85,10,"Beth","Sasseen","beth",3,3,"Prospecting"
4234,273,142,10,857,857,3,1750,10,90,10,"Beth","Sasseen","beth",3,3,"Prospecting"
854,83,36,10,179,179,3,95120,79,50,10,"Beth","Sasseen","beth",3,3,"Prospecting"
1006,79,42,10,210,210,3,650,13,75,10,"Beth","Sasseen","beth",3,3,"Prospecting"
3373,235,117,10,685,685,3,10360,44,70,10,"Beth","Sasseen","beth",3,3,"Prospecting"
1411,124,56,10,292,292,3,56180,77,25,10,"Beth","Sasseen","beth",3,3,"Prospecting"
644,58,28,10,137,137,3,5990,40,85,10,"Beth","Sasseen","beth",3,3,"Prospecting"
3147,223,111,10,640,640,7,11330,40,50,10,"Beth","Sasseen","beth",3,7,"Qualification"
1496,124,59,10,309,309,7,5780,59,45,10,"Beth","Sasseen","beth",3,7,"Qualification"
2360,174,87,10,481,481,7,6170,38,85,10,"Beth","Sasseen","beth",3,7,"Qualification"
3971,266,134,10,804,804,7,20420,38,60,10,"Beth","Sasseen","beth",3,7,"Qualification"
4734,322,156,10,956,957,7,95480,73,75,10,"Beth","Sasseen","beth",3,7,"Qualification"
1282,112,51,10,265,265,7,95150,68,50,10,"Beth","Sasseen","beth",3,7,"Qualification"
985,93,42,10,206,206,7,56150,72,25,10,"Beth","Sasseen","beth",3,7,"Qualification"
4716,320,155,10,952,953,7,95480,73,50,10,"Beth","Sasseen","beth",3,7,"Qualification"
3578,239,123,10,726,726,7,890,14,75,10,"Beth","Sasseen","beth",3,7,"Qualification"
2359,172,87,10,481,481,7,2470,31,60,10,"Beth","Sasseen","beth",3,7,"Qualification"
4502,304,149,10,910,911,7,6050,56,45,10,"Beth","Sasseen","beth",3,7,"Qualification"
213,24,11,10,51,51,7,2230,34,60,10,"Beth","Sasseen","beth",3,7,"Qualification"
3615,255,124,10,733,733,7,55390,73,85,10,"Beth","Sasseen","beth",3,7,"Qualification"
575,55,25,10,124,124,7,11090,42,50,10,"Beth","Sasseen","beth",3,7,"Qualification"
2872,198,103,10,584,584,7,1330,15,85,10,"Beth","Sasseen","beth",3,7,"Qualification"
1229,110,50,10,254,254,7,70150,70,50,10,"Beth","Sasseen","beth",3,7,"Qualification"
2273,177,85,10,464,464,7,60270,70,25,10,"Beth","Sasseen","beth",3,7,"Qualification"
2947,210,105,10,599,599,7,10330,42,70,10,"Beth","Sasseen","beth",3,7,"Qualification"
2329,179,86,10,475,475,7,55270,71,85,10,"Beth","Sasseen","beth",3,7,"Qualification"
539,53,24,10,116,116,7,20090,39,60,10,"Beth","Sasseen","beth",3,7,"Qualification"
3642,254,125,10,739,739,7,5990,59,45,10,"Beth","Sasseen","beth",3,7,"Qualification"
1073,86,44,10,223,223,7,2350,31,60,10,"Beth","Sasseen","beth",3,7,"Qualification"
3803,257,129,10,771,771,7,10390,43,70,10,"Beth","Sasseen","beth",3,7,"Qualification"
1431,117,57,10,296,296,7,11180,40,50,10,"Beth","Sasseen","beth",3,7,"Qualification"
4475,309,149,10,904,905,7,55450,78,85,10,"Beth","Sasseen","beth",3,7,"Qualification"
4233,285,142,10,857,857,7,10450,43,70,10,"Beth","Sasseen","beth",3,7,"Qualification"
1499,117,59,10,309,309,7,2380,30,60,10,"Beth","Sasseen","beth",3,7,"Qualification"
2685,193,97,10,546,546,7,20300,39,60,10,"Beth","Sasseen","beth",3,7,"Qualification"
4847,327,159,10,979,980,7,56480,78,25,10,"Beth","Sasseen","beth",3,7,"Qualification"
801,70,34,10,169,169,4,10120,42,70,10,"Beth","Sasseen","beth",3,4,"Value Proposition"
2832,207,102,10,576,576,4,10830,52,90,10,"Beth","Sasseen","beth",3,4,"Value Proposition"
3444,248,119,10,699,699,4,95360,69,75,10,"Beth","Sasseen","beth",3,4,"Value Proposition"
3426,248,119,10,695,695,4,95360,68,50,10,"Beth","Sasseen","beth",3,4,"Value Proposition"
3017,226,107,10,613,613,4,95330,78,75,10,"Beth","Sasseen","beth",3,4,"Value Proposition"
1710,140,66,10,351,351,4,95210,69,50,10,"Beth","Sasseen","beth",3,4,"Value Proposition"
4750,318,156,9,959,960,6,2080,53,80,9,"Chris","Olliver","chris",3,6,"Needs Analysis"
1556,117,61,9,321,321,6,780,14,75,9,"Chris","Olliver","chris",3,6,"Needs Analysis"
1028,80,43,9,214,214,6,1550,11,35,9,"Chris","Olliver","chris",3,6,"Needs Analysis"
4027,262,136,9,816,816,6,1320,13,50,9,"Chris","Olliver","chris",3,6,"Needs Analysis"
1093,83,45,9,227,227,6,1050,11,90,9,"Chris","Olliver","chris",3,6,"Needs Analysis"
4382,301,146,9,886,887,6,100450,70,80,9,"Chris","Olliver","chris",3,6,"Needs Analysis"
595,49,26,9,128,128,6,990,12,50,9,"Chris","Olliver","chris",3,6,"Needs Analysis"
2171,174,81,9,444,444,5,45240,75,45,9,"Chris","Olliver","chris",3,5,"Negotiation/Review"
4320,292,144,9,873,874,5,2050,53,80,9,"Chris","Olliver","chris",3,5,"Negotiation/Review"
4030,262,136,9,816,816,5,1820,11,35,9,"Chris","Olliver","chris",3,5,"Negotiation/Review"
2315,176,86,9,472,472,5,2670,58,70,9,"Chris","Olliver","chris",3,5,"Negotiation/Review"
123,8,6,9,27,27,5,1130,13,60,9,"Chris","Olliver","chris",3,5,"Negotiation/Review"
3096,210,109,9,629,629,5,1430,14,60,9,"Chris","Olliver","chris",3,5,"Negotiation/Review"
3522,252,121,9,715,715,5,100360,72,80,9,"Chris","Olliver","chris",3,5,"Negotiation/Review"
4747,322,156,9,959,960,5,45480,68,45,9,"Chris","Olliver","chris",3,5,"Negotiation/Review"
4132,269,139,9,837,837,5,1020,12,75,9,"Chris","Olliver","chris",3,5,"Negotiation/Review"
455,53,20,9,100,100,5,45060,69,45,9,"Chris","Olliver","chris",3,5,"Negotiation/Review"
3121,226,110,9,634,634,5,5830,55,25,9,"Chris","Olliver","chris",3,5,"Negotiation/Review"
2744,188,99,9,558,558,5,1700,10,35,9,"Chris","Olliver","chris",3,5,"Negotiation/Review"
1884,133,72,9,386,386,5,1640,10,35,9,"Chris","Olliver","chris",3,5,"Negotiation/Review"
598,49,26,9,128,128,5,1490,13,35,9,"Chris","Olliver","chris",3,5,"Negotiation/Review"
3956,258,134,9,801,801,5,1520,11,60,9,"Chris","Olliver","chris",3,5,"Negotiation/Review"
885,87,38,9,186,186,5,45120,74,45,9,"Chris","Olliver","chris",3,5,"Negotiation/Review"
1455,123,57,9,300,300,5,2580,60,70,9,"Chris","Olliver","chris",3,5,"Negotiation/Review"
270,22,13,9,63,63,5,660,14,75,9,"Chris","Olliver","chris",3,5,"Negotiation/Review"
1986,140,75,9,407,407,5,840,10,75,9,"Chris","Olliver","chris",3,5,"Negotiation/Review"
2379,170,88,9,485,485,5,1170,14,90,9,"Chris","Olliver","chris",3,5,"Negotiation/Review"
2809,193,101,9,571,571,5,1200,12,90,9,"Chris","Olliver","chris",3,5,"Negotiation/Review"
3272,221,114,9,665,665,5,960,15,75,9,"Chris","Olliver","chris",3,5,"Negotiation/Review"
1835,144,70,9,376,376,5,5710,58,25,9,"Chris","Olliver","chris",3,5,"Negotiation/Review"
3601,254,124,9,730,730,5,2790,60,70,9,"Chris","Olliver","chris",3,5,"Negotiation/Review"
3033,205,107,9,616,616,5,1930,12,80,9,"Chris","Olliver","chris",3,5,"Negotiation/Review"
1029,91,43,9,214,214,5,2550,55,70,9,"Chris","Olliver","chris",3,5,"Negotiation/Review"
1377,123,55,9,285,285,5,100180,80,80,9,"Chris","Olliver","chris",3,5,"Negotiation/Review"
3551,250,122,9,720,720,5,5890,57,25,9,"Chris","Olliver","chris",3,5,"Negotiation/Review"
146,22,7,9,32,32,3,5530,55,25,9,"Chris","Olliver","chris",3,3,"Prospecting"
4562,295,151,9,922,923,3,1050,15,75,9,"Chris","Olliver","chris",3,3,"Prospecting"
3702,248,127,9,751,751,3,990,13,75,9,"Chris","Olliver","chris",3,3,"Prospecting"
4095,267,138,9,829,829,3,1320,14,90,9,"Chris","Olliver","chris",3,3,"Prospecting"
4460,288,148,9,901,902,3,1850,14,35,9,"Chris","Olliver","chris",3,3,"Prospecting"
1025,79,43,9,214,214,3,1050,10,50,9,"Chris","Olliver","chris",3,3,"Prospecting"
954,74,40,9,199,199,3,1220,15,60,9,"Chris","Olliver","chris",3,3,"Prospecting"
4816,309,158,9,972,973,3,1580,14,60,9,"Chris","Olliver","chris",3,3,"Prospecting"
1381,105,55,9,285,285,3,1280,12,60,9,"Chris","Olliver","chris",3,3,"Prospecting"
3952,277,134,9,801,801,3,100420,79,80,9,"Chris","Olliver","chris",3,3,"Prospecting"
1451,108,57,9,300,300,3,1080,12,50,9,"Chris","Olliver","chris",3,3,"Prospecting"
3526,235,121,9,715,715,7,1460,13,60,9,"Chris","Olliver","chris",3,7,"Qualification"
3600,239,124,9,730,730,7,1790,10,35,9,"Chris","Olliver","chris",3,7,"Qualification"
3030,223,107,9,616,616,7,45330,73,45,9,"Chris","Olliver","chris",3,7,"Qualification"
458,36,20,9,100,100,7,1660,12,80,9,"Chris","Olliver","chris",3,7,"Qualification"
1885,149,72,9,386,386,7,2640,59,70,9,"Chris","Olliver","chris",3,7,"Qualification"
4317,299,144,9,873,874,7,45450,80,45,9,"Chris","Olliver","chris",3,7,"Qualification"
599,58,26,9,128,128,7,2490,57,70,9,"Chris","Olliver","chris",3,7,"Qualification"
2666,201,97,9,543,543,7,100300,72,80,9,"Chris","Olliver","chris",3,7,"Qualification"
4411,301,147,9,891,892,7,5950,60,25,9,"Chris","Olliver","chris",3,7,"Qualification"
1134,105,46,9,235,235,7,100150,80,25,9,"Chris","Olliver","chris",3,7,"Qualification"
979,87,41,9,204,204,7,5620,56,25,9,"Chris","Olliver","chris",3,7,"Qualification"
2695,199,98,9,548,548,7,5800,56,25,9,"Chris","Olliver","chris",3,7,"Qualification"
1744,125,67,9,358,358,7,1810,10,80,9,"Chris","Olliver","chris",3,7,"Qualification"
1316,98,53,9,272,272,7,1780,10,80,9,"Chris","Olliver","chris",3,7,"Qualification"
2416,172,89,9,493,493,7,870,11,75,9,"Chris","Olliver","chris",3,7,"Qualification"
2174,156,81,9,444,444,7,1840,15,80,9,"Chris","Olliver","chris",3,7,"Qualification"
1560,131,61,9,321,321,7,100180,78,25,9,"Chris","Olliver","chris",3,7,"Qualification"
1741,142,67,9,358,358,7,45210,69,45,9,"Chris","Olliver","chris",3,7,"Qualification"
4525,292,150,9,914,915,7,1350,13,90,9,"Chris","Olliver","chris",3,7,"Qualification"
700,56,30,9,149,149,4,690,11,75,9,"Chris","Olliver","chris",3,4,"Value Proposition"
2601,198,95,9,530,530,4,45300,72,45,9,"Chris","Olliver","chris",3,4,"Value Proposition"
4386,283,146,9,886,887,4,1550,12,60,9,"Chris","Olliver","chris",3,4,"Value Proposition"
60,20,3,9,14,14,4,45030,74,45,9,"Chris","Olliver","chris",3,4,"Value Proposition"
950,89,40,9,199,199,4,100120,72,80,9,"Chris","Olliver","chris",3,4,"Value Proposition"
3171,227,111,9,644,644,4,2730,58,70,9,"Chris","Olliver","chris",3,4,"Value Proposition"
1313,117,53,9,272,272,4,45180,72,45,9,"Chris","Olliver","chris",3,4,"Value Proposition"
74,6,4,12,17,17,6,1930,11,45,12,"Jaime","Mesquite","jaime",4,6,"Needs Analysis"
4597,301,152,12,929,930,6,20480,30,85,12,"Jaime","Mesquite","jaime",4,6,"Needs Analysis"
1760,126,67,12,361,361,6,810,15,25,12,"Jaime","Mesquite","jaime",4,6,"Needs Analysis"
2451,179,91,12,500,500,6,20270,35,85,12,"Jaime","Mesquite","jaime",4,6,"Needs Analysis"
902,79,38,12,189,189,6,2520,45,25,12,"Jaime","Mesquite","jaime",4,6,"Needs Analysis"
2617,186,95,12,533,533,6,2200,35,45,12,"Jaime","Mesquite","jaime",4,6,"Needs Analysis"
1757,131,67,12,361,361,6,2110,36,45,12,"Jaime","Mesquite","jaime",4,6,"Needs Analysis"
2187,166,82,12,447,447,5,2170,40,45,12,"Jaime","Mesquite","jaime",4,5,"Negotiation/Review"
1327,119,53,12,275,275,5,70180,77,45,12,"Jaime","Mesquite","jaime",4,5,"Negotiation/Review"
3903,260,132,12,791,791,5,2320,38,45,12,"Jaime","Mesquite","jaime",4,5,"Negotiation/Review"
2186,175,82,12,447,447,5,70270,80,45,12,"Jaime","Mesquite","jaime",4,5,"Negotiation/Review"
3474,241,120,12,705,705,5,2760,40,25,12,"Jaime","Mesquite","jaime",4,5,"Negotiation/Review"
4764,316,157,12,962,963,5,2880,42,25,12,"Jaime","Mesquite","jaime",4,5,"Negotiation/Review"
3045,226,108,12,619,619,5,70330,70,45,12,"Jaime","Mesquite","jaime",4,5,"Negotiation/Review"
1331,100,53,12,275,275,5,780,13,25,12,"Jaime","Mesquite","jaime",4,5,"Negotiation/Review"
4334,290,145,12,876,877,5,2850,42,25,12,"Jaime","Mesquite","jaime",4,5,"Negotiation/Review"
904,70,38,12,189,189,5,720,12,25,12,"Jaime","Mesquite","jaime",4,5,"Negotiation/Review"
2881,203,103,12,586,586,5,20330,33,85,12,"Jaime","Mesquite","jaime",4,5,"Negotiation/Review"
1329,108,53,12,275,275,5,2580,41,25,12,"Jaime","Mesquite","jaime",4,5,"Negotiation/Review"
900,87,38,12,189,189,3,70120,78,45,12,"Jaime","Mesquite","jaime",4,3,"Prospecting"
3048,208,108,12,619,619,3,930,11,25,12,"Jaime","Mesquite","jaime",4,3,"Prospecting"
73,20,4,12,17,17,3,70030,70,45,12,"Jaime","Mesquite","jaime",4,3,"Prospecting"
3737,253,128,12,758,758,3,20390,31,85,12,"Jaime","Mesquite","jaime",4,3,"Prospecting"
2618,189,95,12,533,533,3,2700,41,25,12,"Jaime","Mesquite","jaime",4,3,"Prospecting"
4762,323,157,12,962,963,3,70480,71,45,12,"Jaime","Mesquite","jaime",4,3,"Prospecting"
1328,106,53,12,275,275,7,2080,37,45,12,"Jaime","Mesquite","jaime",4,7,"Qualification"
1756,144,67,12,361,361,7,70210,74,45,12,"Jaime","Mesquite","jaime",4,7,"Qualification"
735,61,32,12,156,156,7,20120,31,85,12,"Jaime","Mesquite","jaime",4,7,"Qualification"
3902,271,132,12,791,791,7,70420,71,45,12,"Jaime","Mesquite","jaime",4,7,"Qualification"
1591,124,62,12,328,328,7,20210,33,85,12,"Jaime","Mesquite","jaime",4,7,"Qualification"
76,5,4,12,17,17,7,630,10,25,12,"Jaime","Mesquite","jaime",4,7,"Qualification"
4332,301,145,12,876,877,7,70450,75,45,12,"Jaime","Mesquite","jaime",4,7,"Qualification"
75,11,4,12,17,17,7,2430,42,25,12,"Jaime","Mesquite","jaime",4,7,"Qualification"
3307,229,115,12,672,672,7,20360,34,85,12,"Jaime","Mesquite","jaime",4,7,"Qualification"
3904,262,132,12,791,791,4,2820,44,25,12,"Jaime","Mesquite","jaime",4,4,"Value Proposition"
3476,234,120,12,705,705,4,960,14,25,12,"Jaime","Mesquite","jaime",4,4,"Value Proposition"
3047,217,108,12,619,619,4,2730,40,25,12,"Jaime","Mesquite","jaime",4,4,"Value Proposition"
2021,149,76,12,414,414,4,20240,31,85,12,"Jaime","Mesquite","jaime",4,4,"Value Proposition"
2190,157,82,12,447,447,4,870,15,25,12,"Jaime","Mesquite","jaime",4,4,"Value Proposition"
868,67,37,11,182,182,6,620,15,90,11,"Kristen","Verona","kristen",4,6,"Needs Analysis"
3654,256,125,11,741,741,6,75390,68,80,11,"Kristen","Verona","kristen",4,6,"Needs Analysis"
867,74,37,11,182,182,6,5120,35,50,11,"Kristen","Verona","kristen",4,6,"Needs Analysis"
4001,277,135,11,810,810,6,70420,70,35,11,"Kristen","Verona","kristen",4,6,"Needs Analysis"
3140,223,110,11,638,638,6,2630,50,35,11,"Kristen","Verona","kristen",4,6,"Needs Analysis"
163,24,8,11,36,36,6,2330,55,35,11,"Kristen","Verona","kristen",4,6,"Needs Analysis"
3870,254,131,11,784,784,6,890,11,90,11,"Kristen","Verona","kristen",4,6,"Needs Analysis"
4352,290,145,11,880,881,6,6050,43,35,11,"Kristen","Verona","kristen",4,6,"Needs Analysis"
4729,311,156,11,955,956,6,5480,32,50,11,"Kristen","Verona","kristen",4,6,"Needs Analysis"
2367,176,88,11,483,483,6,10270,40,35,11,"Kristen","Verona","kristen",4,6,"Needs Analysis"
4301,288,144,11,869,870,6,5550,43,35,11,"Kristen","Verona","kristen",4,6,"Needs Analysis"
3439,237,119,11,698,698,6,5360,32,50,11,"Kristen","Verona","kristen",4,6,"Needs Analysis"
2232,159,83,11,456,456,6,1470,14,90,11,"Kristen","Verona","kristen",4,6,"Needs Analysis"
4808,309,158,11,971,972,5,1680,14,90,11,"Kristen","Verona","kristen",4,5,"Negotiation/Review"
2636,191,96,11,537,537,5,5900,42,35,11,"Kristen","Verona","kristen",4,5,"Negotiation/Review"
1076,96,45,11,224,224,5,25150,56,25,11,"Kristen","Verona","kristen",4,5,"Negotiation/Review"
3012,212,107,11,612,612,5,5330,35,50,11,"Kristen","Verona","kristen",4,5,"Negotiation/Review"
1508,128,59,11,311,311,5,75180,80,80,11,"Kristen","Verona","kristen",4,5,"Negotiation/Review"
1296,98,52,11,268,268,5,680,13,90,11,"Kristen","Verona","kristen",4,5,"Negotiation/Review"
3493,244,121,11,709,709,5,6260,44,90,11,"Kristen","Verona","kristen",4,5,"Negotiation/Review"
3536,244,122,11,717,717,5,5790,35,60,11,"Kristen","Verona","kristen",4,5,"Negotiation/Review"
115,8,6,11,26,26,5,1230,12,90,11,"Kristen","Verona","kristen",4,5,"Negotiation/Review"
4513,301,150,11,912,913,5,10450,40,35,11,"Kristen","Verona","kristen",4,5,"Negotiation/Review"
3521,253,121,11,714,714,5,200360,79,35,11,"Kristen","Verona","kristen",4,5,"Negotiation/Review"
1295,105,52,11,268,268,5,5180,33,50,11,"Kristen","Verona","kristen",4,5,"Negotiation/Review"
4783,316,157,11,966,967,5,6380,43,90,11,"Kristen","Verona","kristen",4,5,"Negotiation/Review"
812,76,35,11,171,171,5,2920,55,50,11,"Kristen","Verona","kristen",4,5,"Negotiation/Review"
3064,217,108,11,623,623,5,5930,40,35,11,"Kristen","Verona","kristen",4,5,"Negotiation/Review"
3492,244,121,11,709,709,5,5960,43,35,11,"Kristen","Verona","kristen",4,5,"Negotiation/Review"
1855,151,71,11,380,380,5,70210,69,35,11,"Kristen","Verona","kristen",4,5,"Negotiation/Review"
4353,290,145,11,880,881,5,6350,42,90,11,"Kristen","Verona","kristen",4,5,"Negotiation/Review"
921,80,39,11,193,193,5,6020,45,90,11,"Kristen","Verona","kristen",4,5,"Negotiation/Review"
568,56,25,11,122,122,5,2390,50,35,11,"Kristen","Verona","kristen",4,5,"Negotiation/Review"
2584,179,94,11,526,526,5,800,14,90,11,"Kristen","Verona","kristen",4,5,"Negotiation/Review"
4510,292,150,11,911,912,5,1250,15,70,11,"Kristen","Verona","kristen",4,5,"Negotiation/Review"
3518,235,121,11,714,714,5,1560,11,90,11,"Kristen","Verona","kristen",4,5,"Negotiation/Review"
1776,135,68,11,365,365,5,5810,41,35,11,"Kristen","Verona","kristen",4,5,"Negotiation/Review"
222,36,11,11,53,53,5,75030,75,80,11,"Kristen","Verona","kristen",4,5,"Negotiation/Review"
1082,100,45,11,225,225,5,75150,68,80,11,"Kristen","Verona","kristen",4,5,"Negotiation/Review"
1934,138,73,11,396,396,5,1040,14,70,11,"Kristen","Verona","kristen",4,5,"Negotiation/Review"
4782,316,157,11,966,967,5,6080,43,35,11,"Kristen","Verona","kristen",4,5,"Negotiation/Review"
133,13,6,11,29,29,5,5430,37,60,11,"Kristen","Verona","kristen",4,5,"Negotiation/Review"
382,40,17,11,85,85,5,2860,50,50,11,"Kristen","Verona","kristen",4,5,"Negotiation/Review"
4673,320,154,11,944,945,5,85480,77,25,11,"Kristen","Verona","kristen",4,5,"Negotiation/Review"
2235,175,83,11,456,456,5,200270,68,35,11,"Kristen","Verona","kristen",4,5,"Negotiation/Review"
648,53,28,11,138,138,5,890,14,70,11,"Kristen","Verona","kristen",4,5,"Negotiation/Review"
920,80,39,11,193,193,5,5720,45,35,11,"Kristen","Verona","kristen",4,5,"Negotiation/Review"
221,26,11,11,53,53,5,10030,42,35,11,"Kristen","Verona","kristen",4,5,"Negotiation/Review"
1932,151,73,11,396,396,5,25240,55,25,11,"Kristen","Verona","kristen",4,5,"Negotiation/Review"
2153,159,81,11,440,440,5,5240,30,50,11,"Kristen","Verona","kristen",4,5,"Negotiation/Review"
946,72,40,11,198,198,5,1320,10,90,11,"Kristen","Verona","kristen",4,5,"Negotiation/Review"
3384,239,117,11,687,687,5,3160,55,50,11,"Kristen","Verona","kristen",4,5,"Negotiation/Review"
381,47,17,11,85,85,5,85060,71,25,11,"Kristen","Verona","kristen",4,5,"Negotiation/Review"
4300,279,144,11,869,870,3,950,11,90,11,"Kristen","Verona","kristen",4,3,"Prospecting"
3141,229,110,11,638,638,3,70330,73,35,11,"Kristen","Verona","kristen",4,3,"Prospecting"
1373,105,55,11,284,284,3,1380,12,90,11,"Kristen","Verona","kristen",4,3,"Prospecting"
4243,292,142,11,859,859,3,85450,68,25,11,"Kristen","Verona","kristen",4,3,"Prospecting"
4674,313,154,11,944,945,3,3280,50,50,11,"Kristen","Verona","kristen",4,3,"Prospecting"
1348,110,54,11,279,279,3,6080,43,90,11,"Kristen","Verona","kristen",4,3,"Prospecting"
4811,325,158,11,971,972,3,200480,76,35,11,"Kristen","Verona","kristen",4,3,"Prospecting"
964,82,41,11,201,201,3,5520,36,60,11,"Kristen","Verona","kristen",4,3,"Prospecting"
2958,214,105,11,601,601,7,3130,55,50,11,"Kristen","Verona","kristen",4,7,"Qualification"
1297,106,52,11,268,268,7,5280,44,35,11,"Kristen","Verona","kristen",4,7,"Qualification"
2207,166,82,11,451,451,7,6170,42,90,11,"Kristen","Verona","kristen",4,7,"Qualification"
1376,123,55,11,284,284,7,200180,79,35,11,"Kristen","Verona","kristen",4,7,"Qualification"
218,17,11,11,52,52,7,830,13,70,11,"Kristen","Verona","kristen",4,7,"Qualification"
3948,258,134,11,800,800,7,1620,11,90,11,"Kristen","Verona","kristen",4,7,"Qualification"
1725,131,66,11,354,354,7,5310,45,35,11,"Kristen","Verona","kristen",4,7,"Qualification"
2250,168,84,11,459,459,7,5670,35,60,11,"Kristen","Verona","kristen",4,7,"Qualification"
1507,121,59,11,311,311,7,10180,45,35,11,"Kristen","Verona","kristen",4,7,"Qualification"
4083,273,137,11,827,827,7,10420,43,35,11,"Kristen","Verona","kristen",4,7,"Qualification"
3441,239,119,11,698,698,7,5460,44,35,11,"Kristen","Verona","kristen",4,7,"Qualification"
4730,305,156,11,955,956,7,980,13,90,11,"Kristen","Verona","kristen",4,7,"Qualification"
2527,195,93,11,515,515,7,85300,80,25,11,"Kristen","Verona","kristen",4,7,"Qualification"
4080,264,137,11,826,826,7,1220,14,70,11,"Kristen","Verona","kristen",4,7,"Qualification"
3220,219,113,11,654,654,7,1160,14,70,11,"Kristen","Verona","kristen",4,7,"Qualification"
3653,252,125,11,741,741,7,10390,42,35,11,"Kristen","Verona","kristen",4,7,"Qualification"
43,3,2,11,10,10,7,530,13,90,11,"Kristen","Verona","kristen",4,7,"Qualification"
2155,165,81,11,440,440,7,5340,44,35,11,"Kristen","Verona","kristen",4,7,"Qualification"
4430,297,147,11,895,896,7,2750,51,35,11,"Kristen","Verona","kristen",4,7,"Qualification"
3440,231,119,11,698,698,7,860,12,90,11,"Kristen","Verona","kristen",4,7,"Qualification"
4396,290,146,11,888,889,7,5850,35,60,11,"Kristen","Verona","kristen",4,7,"Qualification"
2583,184,94,11,526,526,7,5300,33,50,11,"Kristen","Verona","kristen",4,7,"Qualification"
2794,191,100,11,568,568,7,1100,15,70,11,"Kristen","Verona","kristen",4,7,"Qualification"
3650,244,125,11,740,740,7,1190,15,70,11,"Kristen","Verona","kristen",4,7,"Qualification"
1078,83,45,11,224,224,7,950,13,70,11,"Kristen","Verona","kristen",4,7,"Qualification"
3014,214,107,11,612,612,7,5430,40,35,11,"Kristen","Verona","kristen",4,7,"Qualification"
4514,309,150,11,912,913,4,75450,70,80,11,"Kristen","Verona","kristen",4,4,"Value Proposition"
490,49,22,11,107,107,4,5690,45,35,11,"Kristen","Verona","kristen",4,4,"Value Proposition"
3923,266,133,11,795,795,4,6320,44,90,11,"Kristen","Verona","kristen",4,4,"Value Proposition"
4731,314,156,11,955,956,4,5580,44,35,11,"Kristen","Verona","kristen",4,4,"Value Proposition"
3223,227,113,11,655,655,4,10360,41,35,11,"Kristen","Verona","kristen",4,4,"Value Proposition"
44,8,2,11,10,10,4,5130,44,35,11,"Kristen","Verona","kristen",4,4,"Value Proposition"
2662,184,97,11,542,542,4,1500,13,90,11,"Kristen","Verona","kristen",4,4,"Value Proposition"
1504,112,59,11,310,310,4,980,13,70,11,"Kristen","Verona","kristen",4,4,"Value Proposition"
811,80,35,11,171,171,4,85120,70,25,11,"Kristen","Verona","kristen",4,4,"Value Proposition"
1391,112,55,11,287,287,4,5580,39,60,11,"Kristen","Verona","kristen",4,4,"Value Proposition"
4381,304,146,11,885,886,4,200450,80,35,11,"Kristen","Verona","kristen",4,4,"Value Proposition"
516,42,23,11,112,112,4,1290,12,90,11,"Kristen","Verona","kristen",4,4,"Value Proposition"
3951,276,134,11,800,800,4,200420,71,35,11,"Kristen","Verona","kristen",4,4,"Value Proposition"
2507,182,92,13,511,511,6,5600,45,90,13,"Matt","Dominic","matt",4,6,"Needs Analysis"
3304,221,115,13,671,671,6,860,10,60,13,"Matt","Dominic","matt",4,6,"Needs Analysis"
3697,258,126,13,750,750,6,95390,73,85,13,"Matt","Dominic","matt",4,6,"Needs Analysis"
4557,314,151,13,921,922,6,95450,79,85,13,"Matt","Dominic","matt",4,6,"Needs Analysis"
3081,217,109,13,626,626,6,2430,37,80,13,"Matt","Dominic","matt",4,6,"Needs Analysis"
693,56,30,13,147,147,6,1790,11,45,13,"Matt","Dominic","matt",4,6,"Needs Analysis"
1902,153,72,13,390,390,6,85240,69,25,13,"Matt","Dominic","matt",4,6,"Needs Analysis"
1221,100,49,13,253,253,6,5450,41,90,13,"Matt","Dominic","matt",4,6,"Needs Analysis"
1878,151,71,13,385,385,6,56210,71,25,13,"Matt","Dominic","matt",4,6,"Needs Analysis"
3940,264,133,13,798,798,6,5420,40,75,13,"Matt","Dominic","matt",4,6,"Needs Analysis"
2550,189,93,13,519,519,6,5500,55,45,13,"Matt","Dominic","matt",4,6,"Needs Analysis"
2409,172,89,13,491,491,6,1970,11,45,13,"Matt","Dominic","matt",4,6,"Needs Analysis"
2116,157,79,13,433,433,5,14240,37,70,13,"Matt","Dominic","matt",4,5,"Negotiation/Review"
1979,142,75,13,405,405,5,1940,15,45,13,"Matt","Dominic","matt",4,5,"Negotiation/Review"
2017,151,76,13,413,413,5,30240,38,80,13,"Matt","Dominic","matt",4,5,"Negotiation/Review"
1588,119,62,13,327,327,5,710,13,60,13,"Matt","Dominic","matt",4,5,"Negotiation/Review"
3164,234,111,13,643,643,5,56330,80,25,13,"Matt","Dominic","matt",4,5,"Negotiation/Review"
1690,133,65,13,347,347,5,5410,53,45,13,"Matt","Dominic","matt",4,5,"Negotiation/Review"
2447,177,90,13,499,499,5,30270,36,80,13,"Matt","Dominic","matt",4,5,"Negotiation/Review"
2654,189,96,13,540,540,5,5300,35,75,13,"Matt","Dominic","matt",4,5,"Negotiation/Review"
3190,235,112,13,648,648,5,50360,75,75,13,"Matt","Dominic","matt",4,5,"Negotiation/Review"
3402,237,118,13,691,691,5,14360,39,70,13,"Matt","Dominic","matt",4,5,"Negotiation/Review"
2077,157,78,13,425,425,5,5540,40,90,13,"Matt","Dominic","matt",4,5,"Negotiation/Review"
695,70,30,13,148,148,5,95090,70,85,13,"Matt","Dominic","matt",4,5,"Negotiation/Review"
938,80,40,13,196,196,5,5120,38,75,13,"Matt","Dominic","matt",4,5,"Negotiation/Review"
1161,93,47,13,241,241,5,30150,37,80,13,"Matt","Dominic","matt",4,5,"Negotiation/Review"
2225,166,83,13,454,454,5,2370,37,80,13,"Matt","Dominic","matt",4,5,"Negotiation/Review"
4696,316,155,13,948,949,5,5680,54,45,13,"Matt","Dominic","matt",4,5,"Negotiation/Review"
3303,229,115,13,671,671,5,30360,38,80,13,"Matt","Dominic","matt",4,5,"Negotiation/Review"
4050,279,136,13,820,820,5,50420,72,75,13,"Matt","Dominic","matt",4,5,"Negotiation/Review"
2763,199,100,13,562,562,5,2300,39,90,13,"Matt","Dominic","matt",4,5,"Negotiation/Review"
3189,223,112,13,648,648,5,2360,38,90,13,"Matt","Dominic","matt",4,5,"Negotiation/Review"
733,57,31,13,155,155,5,1090,11,80,13,"Matt","Dominic","matt",4,5,"Negotiation/Review"
1123,85,46,13,233,233,5,1850,13,45,13,"Matt","Dominic","matt",4,5,"Negotiation/Review"
1160,93,47,13,241,241,5,2050,32,60,13,"Matt","Dominic","matt",4,5,"Negotiation/Review"
3080,217,109,13,626,626,5,5330,36,75,13,"Matt","Dominic","matt",4,5,"Negotiation/Review"
3302,227,115,13,671,671,5,2260,30,60,13,"Matt","Dominic","matt",4,5,"Negotiation/Review"
303,24,14,13,69,69,5,1060,13,80,13,"Matt","Dominic","matt",4,5,"Negotiation/Review"
1548,129,60,13,319,319,5,100180,75,45,13,"Matt","Dominic","matt",4,5,"Negotiation/Review"
4124,288,139,13,835,835,5,100420,74,45,13,"Matt","Dominic","matt",4,5,"Negotiation/Review"
1188,96,48,13,246,246,5,5350,35,60,13,"Matt","Dominic","matt",4,5,"Negotiation/Review"
13,9,1,13,3,3,5,5200,55,45,13,"Matt","Dominic","matt",4,5,"Negotiation/Review"
4162,277,140,13,843,843,5,2320,35,60,13,"Matt","Dominic","matt",4,5,"Negotiation/Review"
3832,257,130,13,777,777,5,14390,35,70,13,"Matt","Dominic","matt",4,5,"Negotiation/Review"
4594,297,152,13,928,929,5,980,13,60,13,"Matt","Dominic","matt",4,5,"Negotiation/Review"
732,57,31,13,155,155,5,590,15,60,13,"Matt","Dominic","matt",4,5,"Negotiation/Review"
1589,119,62,13,327,327,5,1210,14,80,13,"Matt","Dominic","matt",4,5,"Negotiation/Review"
4190,277,140,13,848,848,5,5620,34,60,13,"Matt","Dominic","matt",4,5,"Negotiation/Review"
4620,304,153,13,933,934,5,5680,31,60,13,"Matt","Dominic","matt",4,5,"Negotiation/Review"
3267,237,114,13,664,664,5,95360,68,85,13,"Matt","Dominic","matt",4,5,"Negotiation/Review"
2448,174,90,13,499,499,5,770,15,60,13,"Matt","Dominic","matt",4,5,"Negotiation/Review"
2879,197,103,13,585,585,5,1330,11,80,13,"Matt","Dominic","matt",4,5,"Negotiation/Review"
1794,137,69,13,368,368,3,5210,37,75,13,"Matt","Dominic","matt",4,3,"Prospecting"
3619,248,124,13,734,734,3,2390,35,90,13,"Matt","Dominic","matt",4,3,"Prospecting"
3363,235,117,13,683,683,3,5660,44,90,13,"Matt","Dominic","matt",4,3,"Prospecting"
1551,131,61,13,320,320,3,95180,76,85,13,"Matt","Dominic","matt",4,3,"Prospecting"
400,38,18,13,89,89,3,14060,35,70,13,"Matt","Dominic","matt",4,3,"Prospecting"
1647,128,64,13,339,339,3,5510,41,90,13,"Matt","Dominic","matt",4,3,"Prospecting"
4127,288,139,13,836,836,3,95420,76,85,13,"Matt","Dominic","matt",4,3,"Prospecting"
3760,253,128,13,762,762,3,5590,31,60,13,"Matt","Dominic","matt",4,3,"Prospecting"
4555,299,151,13,920,921,3,2150,30,45,13,"Matt","Dominic","matt",4,3,"Prospecting"
1258,102,51,13,261,261,3,14150,35,70,13,"Matt","Dominic","matt",4,3,"Prospecting"
4024,281,136,13,815,815,3,56420,78,25,13,"Matt","Dominic","matt",4,3,"Prospecting"
508,47,22,13,110,110,3,5090,37,75,13,"Matt","Dominic","matt",4,3,"Prospecting"
2937,210,105,13,597,597,3,5630,41,90,13,"Matt","Dominic","matt",4,3,"Prospecting"
1981,161,75,13,406,406,3,95240,75,85,13,"Matt","Dominic","matt",4,3,"Prospecting"
1472,126,58,13,304,304,3,85180,75,25,13,"Matt","Dominic","matt",4,3,"Prospecting"
301,32,14,13,69,69,3,30060,40,80,13,"Matt","Dominic","matt",4,3,"Prospecting"
4223,281,141,13,855,855,7,5720,41,90,13,"Matt","Dominic","matt",4,7,"Qualification"
4266,288,143,13,862,863,7,5650,50,45,13,"Matt","Dominic","matt",4,7,"Qualification"
3406,241,118,13,691,691,7,5560,53,45,13,"Matt","Dominic","matt",4,7,"Qualification"
2408,184,89,13,491,491,7,100270,71,45,13,"Matt","Dominic","matt",4,7,"Qualification"
187,22,10,13,46,46,7,2030,35,90,13,"Matt","Dominic","matt",4,7,"Qualification"
2876,201,103,13,585,585,7,2230,30,60,13,"Matt","Dominic","matt",4,7,"Qualification"
4262,286,143,13,862,863,7,14450,39,70,13,"Matt","Dominic","matt",4,7,"Qualification"
2016,151,76,13,413,413,7,2140,33,60,13,"Matt","Dominic","matt",4,7,"Qualification"
1586,123,62,13,327,327,7,2110,31,60,13,"Matt","Dominic","matt",4,7,"Qualification"
4370,292,146,13,883,884,7,5450,39,75,13,"Matt","Dominic","matt",4,7,"Qualification"
1686,128,65,13,347,347,7,14210,38,70,13,"Matt","Dominic","matt",4,7,"Qualification"
4454,307,148,13,900,901,7,56450,74,25,13,"Matt","Dominic","matt",4,7,"Qualification"
2446,177,90,13,499,499,7,2170,33,60,13,"Matt","Dominic","matt",4,7,"Qualification"
1474,126,58,13,304,304,7,50180,78,75,13,"Matt","Dominic","matt",4,7,"Qualification"
758,63,32,13,160,160,7,5320,35,60,13,"Matt","Dominic","matt",4,7,"Qualification"
4480,307,149,13,905,906,7,50450,72,75,13,"Matt","Dominic","matt",4,7,"Qualification"
4165,271,140,13,843,843,7,1420,11,80,13,"Matt","Dominic","matt",4,7,"Qualification"
3836,260,130,13,777,777,7,5590,52,45,13,"Matt","Dominic","matt",4,7,"Qualification"
3941,264,133,13,798,798,7,2520,39,80,13,"Matt","Dominic","matt",4,7,"Qualification"
4048,281,136,13,820,820,7,85420,74,25,13,"Matt","Dominic","matt",4,7,"Qualification"
2839,201,102,13,577,577,7,2030,32,45,13,"Matt","Dominic","matt",4,7,"Qualification"
3694,260,126,13,749,749,7,100390,79,45,13,"Matt","Dominic","matt",4,7,"Qualification"
1122,102,46,13,233,233,7,100150,72,45,13,"Matt","Dominic","matt",4,7,"Qualification"
3733,253,127,13,757,757,7,30390,36,80,13,"Matt","Dominic","matt",4,7,"Qualification"
830,70,35,13,175,175,7,14120,37,70,13,"Matt","Dominic","matt",4,7,"Qualification"
592,63,26,13,127,127,7,56090,75,25,13,"Matt","Dominic","matt",4,7,"Qualification"
2655,189,96,13,540,540,7,2400,35,80,13,"Matt","Dominic","matt",4,7,"Qualification"
262,38,13,13,61,61,4,100060,73,45,13,"Matt","Dominic","matt",4,4,"Value Proposition"
3510,241,121,13,712,712,4,5360,35,75,13,"Matt","Dominic","matt",4,4,"Value Proposition"
1046,100,44,13,218,218,4,85150,74,25,13,"Matt","Dominic","matt",4,4,"Value Proposition"
1978,159,75,13,405,405,4,100240,71,45,13,"Matt","Dominic","matt",4,4,"Value Proposition"
509,47,22,13,110,110,4,2190,35,80,13,"Matt","Dominic","matt",4,4,"Value Proposition"
1549,115,60,13,319,319,4,1880,15,45,13,"Matt","Dominic","matt",4,4,"Value Proposition"
2841,212,102,13,578,578,4,95330,68,85,13,"Matt","Dominic","matt",4,4,"Value Proposition"
3695,250,126,13,749,749,4,2090,30,45,13,"Matt","Dominic","matt",4,4,"Value Proposition"
4692,309,155,13,948,949,4,14480,35,70,13,"Matt","Dominic","matt",4,4,"Value Proposition"
1473,119,58,13,304,304,4,2180,40,90,13,"Matt","Dominic","matt",4,4,"Value Proposition"
263,22,13,13,61,61,4,1760,12,45,13,"Matt","Dominic","matt",4,4,"Value Proposition"
2838,214,102,13,577,577,4,100330,77,45,13,"Matt","Dominic","matt",4,4,"Value Proposition"
4443,297,148,7,898,899,6,2350,43,75,7,"Max","Jensen","max",2,6,"Needs Analysis"
3722,260,127,7,755,755,6,120390,69,75,7,"Max","Jensen","max",2,6,"Needs Analysis"
3075,219,109,7,625,625,6,5830,44,35,7,"Max","Jensen","max",2,6,"Needs Analysis"
33,3,2,7,8,8,6,1030,11,75,7,"Max","Jensen","max",2,6,"Needs Analysis"
1790,135,68,7,367,367,6,14210,41,45,7,"Max","Jensen","max",2,6,"Needs Analysis"
1482,110,58,7,306,306,6,1080,12,75,7,"Max","Jensen","max",2,6,"Needs Analysis"
86,6,4,7,20,20,6,1330,15,60,7,"Max","Jensen","max",2,6,"Needs Analysis"
1769,135,68,7,363,363,6,2710,39,90,7,"Max","Jensen","max",2,6,"Needs Analysis"
913,79,39,7,191,191,6,2620,35,90,7,"Max","Jensen","max",2,6,"Needs Analysis"
84,6,4,7,20,20,6,630,14,90,7,"Max","Jensen","max",2,6,"Needs Analysis"
1712,140,66,7,352,352,6,45210,72,35,7,"Max","Jensen","max",2,6,"Needs Analysis"
787,70,34,7,166,166,6,9620,43,60,7,"Max","Jensen","max",2,6,"Needs Analysis"
2866,217,103,7,583,583,6,120330,76,75,7,"Max","Jensen","max",2,6,"Needs Analysis"
3976,271,134,7,805,805,6,25420,55,70,7,"Max","Jensen","max",2,6,"Needs Analysis"
483,46,21,7,105,105,6,2560,38,90,7,"Max","Jensen","max",2,6,"Needs Analysis"
1576,129,61,7,325,325,6,120180,72,75,7,"Max","Jensen","max",2,6,"Needs Analysis"
1150,105,47,7,239,239,6,120150,68,75,7,"Max","Jensen","max",2,6,"Needs Analysis"
3483,239,120,7,707,707,6,14360,38,90,7,"Max","Jensen","max",2,6,"Needs Analysis"
4720,305,156,7,953,954,6,1480,11,75,7,"Max","Jensen","max",2,6,"Needs Analysis"
878,79,37,7,184,184,6,10120,50,50,7,"Max","Jensen","max",2,6,"Needs Analysis"
4582,316,152,7,926,927,5,120480,78,75,7,"Max","Jensen","max",2,5,"Negotiation/Review"
917,72,39,7,192,192,5,1420,11,60,7,"Max","Jensen","max",2,5,"Negotiation/Review"
3198,217,112,7,650,650,5,1260,12,75,7,"Max","Jensen","max",2,5,"Negotiation/Review"
3933,266,133,7,797,797,5,5920,45,35,7,"Max","Jensen","max",2,5,"Negotiation/Review"
1867,142,71,7,383,383,5,2110,45,75,7,"Max","Jensen","max",2,5,"Negotiation/Review"
4177,271,140,7,846,846,5,1020,12,45,7,"Max","Jensen","max",2,5,"Negotiation/Review"
3858,271,131,7,782,782,5,45390,75,35,7,"Max","Jensen","max",2,5,"Negotiation/Review"
4607,297,152,7,931,932,5,1080,12,45,7,"Max","Jensen","max",2,5,"Negotiation/Review"
4775,314,157,7,964,965,5,2980,38,90,7,"Max","Jensen","max",2,5,"Negotiation/Review"
4667,309,154,7,943,944,5,11480,40,25,7,"Max","Jensen","max",2,5,"Negotiation/Review"
1827,142,70,7,375,375,5,3110,50,50,7,"Max","Jensen","max",2,5,"Negotiation/Review"
4152,288,139,7,841,841,5,120420,77,75,7,"Max","Jensen","max",2,5,"Negotiation/Review"
4347,281,145,7,879,880,5,1050,15,90,7,"Max","Jensen","max",2,5,"Negotiation/Review"
628,56,27,7,134,134,5,2790,32,35,7,"Max","Jensen","max",2,5,"Negotiation/Review"
1235,100,50,7,256,256,5,11150,38,25,7,"Max","Jensen","max",2,5,"Negotiation/Review"
3807,257,130,7,772,772,5,11390,36,25,7,"Max","Jensen","max",2,5,"Negotiation/Review"
715,56,31,7,152,152,5,1390,10,60,7,"Max","Jensen","max",2,5,"Negotiation/Review"
4060,269,137,7,822,822,5,3120,30,35,7,"Max","Jensen","max",2,5,"Negotiation/Review"
2572,198,94,7,524,524,5,45300,80,35,7,"Max","Jensen","max",2,5,"Negotiation/Review"
2772,191,100,7,564,564,5,1200,15,75,7,"Max","Jensen","max",2,5,"Negotiation/Review"
3717,246,127,7,754,754,5,1690,10,60,7,"Max","Jensen","max",2,5,"Negotiation/Review"
142,22,7,7,31,31,5,25030,57,70,7,"Max","Jensen","max",2,5,"Negotiation/Review"
2203,157,82,7,450,450,5,1570,15,60,7,"Max","Jensen","max",2,5,"Negotiation/Review"
31,15,2,7,8,8,5,45030,72,35,7,"Max","Jensen","max",2,5,"Negotiation/Review"
2891,197,103,7,588,588,5,930,11,45,7,"Max","Jensen","max",2,5,"Negotiation/Review"
1398,115,55,7,289,289,5,3080,52,50,7,"Max","Jensen","max",2,5,"Negotiation/Review"
2144,153,80,7,438,438,5,1240,11,75,7,"Max","Jensen","max",2,5,"Negotiation/Review"
4288,297,143,7,867,868,5,45450,78,35,7,"Max","Jensen","max",2,5,"Negotiation/Review"
2594,193,95,7,528,528,5,10300,55,50,7,"Max","Jensen","max",2,5,"Negotiation/Review"
4147,269,139,7,840,840,5,1720,11,60,7,"Max","Jensen","max",2,5,"Negotiation/Review"
1437,117,57,7,297,297,5,2080,42,75,7,"Max","Jensen","max",2,5,"Negotiation/Review"
3023,219,107,7,614,614,5,10330,54,50,7,"Max","Jensen","max",2,5,"Negotiation/Review"
3919,257,133,7,794,794,5,1720,14,60,7,"Max","Jensen","max",2,5,"Negotiation/Review"
2201,157,82,7,450,450,5,870,13,90,7,"Max","Jensen","max",2,5,"Negotiation/Review"
2142,172,80,7,438,438,5,45240,76,35,7,"Max","Jensen","max",2,5,"Negotiation/Review"
1643,128,64,7,338,338,5,9710,41,60,7,"Max","Jensen","max",2,5,"Negotiation/Review"
3917,256,133,7,794,794,5,1020,11,90,7,"Max","Jensen","max",2,5,"Negotiation/Review"
2031,147,77,7,416,416,5,840,15,45,7,"Max","Jensen","max",2,5,"Negotiation/Review"
100,13,5,7,23,23,5,5530,40,35,7,"Max","Jensen","max",2,5,"Negotiation/Review"
3078,219,109,7,625,625,5,14330,40,45,7,"Max","Jensen","max",2,5,"Negotiation/Review"
1217,100,49,7,252,252,5,9650,40,60,7,"Max","Jensen","max",2,5,"Negotiation/Review"
1773,127,68,7,364,364,5,1510,11,60,7,"Max","Jensen","max",2,5,"Negotiation/Review"
3973,269,134,7,805,805,5,3320,52,50,7,"Max","Jensen","max",2,5,"Negotiation/Review"
2091,157,79,7,428,428,5,11240,36,25,7,"Max","Jensen","max",2,5,"Negotiation/Review"
2260,174,84,7,461,461,5,25270,56,70,7,"Max","Jensen","max",2,5,"Negotiation/Review"
481,46,21,7,105,105,5,14060,37,90,7,"Max","Jensen","max",2,5,"Negotiation/Review"
4777,307,157,7,965,966,5,1080,11,90,7,"Max","Jensen","max",2,5,"Negotiation/Review"
3628,241,124,7,736,736,5,1290,15,75,7,"Max","Jensen","max",2,5,"Negotiation/Review"
3913,262,133,7,793,793,5,14420,36,90,7,"Max","Jensen","max",2,5,"Negotiation/Review"
3055,217,108,7,621,621,5,14330,40,90,7,"Max","Jensen","max",2,5,"Negotiation/Review"
1571,115,61,7,324,324,5,1480,10,60,7,"Max","Jensen","max",2,5,"Negotiation/Review"
1830,146,70,7,375,375,5,25210,59,70,7,"Max","Jensen","max",2,5,"Negotiation/Review"
4349,281,145,7,879,880,5,1750,14,60,7,"Max","Jensen","max",2,5,"Negotiation/Review"
720,74,31,7,153,153,3,120090,78,75,7,"Max","Jensen","max",2,3,"Prospecting"
2574,178,94,7,524,524,3,1300,12,75,7,"Max","Jensen","max",2,3,"Prospecting"
3450,243,119,7,700,700,3,10360,52,50,7,"Max","Jensen","max",2,3,"Prospecting"
2461,175,91,7,502,502,3,870,14,45,7,"Max","Jensen","max",2,3,"Prospecting"
1914,144,73,7,392,392,3,2940,32,35,7,"Max","Jensen","max",2,3,"Prospecting"
2955,208,105,7,600,600,3,2130,34,45,7,"Max","Jensen","max",2,3,"Prospecting"
541,56,24,7,117,117,3,2990,55,50,7,"Max","Jensen","max",2,3,"Prospecting"
1338,106,53,7,277,277,3,14180,37,90,7,"Max","Jensen","max",2,3,"Prospecting"
3359,235,117,7,682,682,3,9860,45,60,7,"Max","Jensen","max",2,3,"Prospecting"
1011,85,42,7,211,211,3,2050,41,75,7,"Max","Jensen","max",2,3,"Prospecting"
2220,168,83,7,453,453,3,14270,40,45,7,"Max","Jensen","max",2,3,"Prospecting"
3630,248,124,7,736,736,3,3090,34,35,7,"Max","Jensen","max",2,3,"Prospecting"
3489,233,120,7,708,708,3,1660,11,60,7,"Max","Jensen","max",2,3,"Prospecting"
2521,182,93,7,514,514,3,11300,35,25,7,"Max","Jensen","max",2,3,"Prospecting"
3860,254,131,7,782,782,3,1390,13,75,7,"Max","Jensen","max",2,3,"Prospecting"
3789,257,129,7,768,768,7,9890,42,60,7,"Max","Jensen","max",2,7,"Qualification"
1401,117,55,7,289,289,7,25180,57,70,7,"Max","Jensen","max",2,7,"Qualification"
3381,234,117,7,686,686,7,2160,35,45,7,"Max","Jensen","max",2,7,"Qualification"
1340,106,53,7,277,277,7,2680,36,90,7,"Max","Jensen","max",2,7,"Qualification"
3430,231,119,7,696,696,7,1360,12,75,7,"Max","Jensen","max",2,7,"Qualification"
53,13,3,7,12,12,7,10030,55,50,7,"Max","Jensen","max",2,7,"Qualification"
915,70,39,7,192,192,7,720,10,90,7,"Max","Jensen","max",2,7,"Qualification"
3287,223,115,7,668,668,7,1660,13,60,7,"Max","Jensen","max",2,7,"Qualification"
4773,314,157,7,964,965,7,14480,36,90,7,"Max","Jensen","max",2,7,"Qualification"
3377,235,117,7,686,686,7,11360,39,25,7,"Max","Jensen","max",2,7,"Qualification"
626,51,27,7,134,134,7,990,14,75,7,"Max","Jensen","max",2,7,"Qualification"
485,40,22,7,106,106,7,690,12,90,7,"Max","Jensen","max",2,7,"Qualification"
1767,133,68,7,363,363,7,14210,37,90,7,"Max","Jensen","max",2,7,"Qualification"
1601,119,62,7,330,330,7,810,14,45,7,"Max","Jensen","max",2,7,"Qualification"
2297,172,85,7,469,469,7,2170,40,75,7,"Max","Jensen","max",2,7,"Qualification"
4406,301,147,7,890,891,7,25450,60,70,7,"Max","Jensen","max",2,7,"Qualification"
3057,214,108,7,621,621,7,2830,35,90,7,"Max","Jensen","max",2,7,"Qualification"
3747,250,128,7,760,760,7,990,14,45,7,"Max","Jensen","max",2,7,"Qualification"
198,22,10,7,48,48,7,2730,33,35,7,"Max","Jensen","max",2,7,"Qualification"
504,49,22,7,109,109,7,14090,40,45,7,"Max","Jensen","max",2,7,"Qualification"
1306,108,52,7,270,270,7,10180,50,50,7,"Max","Jensen","max",2,7,"Qualification"
426,51,19,7,94,94,7,45060,71,35,7,"Max","Jensen","max",2,7,"Qualification"
4740,318,156,7,957,958,7,10480,55,50,7,"Max","Jensen","max",2,7,"Qualification"
1284,115,52,7,266,266,7,45180,70,35,7,"Max","Jensen","max",2,7,"Qualification"
1344,102,54,7,278,278,7,1480,11,60,7,"Max","Jensen","max",2,7,"Qualification"
1056,82,44,7,220,220,7,1050,13,75,7,"Max","Jensen","max",2,7,"Qualification"
4013,269,135,7,813,813,4,2320,43,75,7,"Max","Jensen","max",2,4,"Value Proposition"
1145,87,47,7,238,238,4,1450,14,60,7,"Max","Jensen","max",2,4,"Value Proposition"
3292,241,115,7,669,669,4,120360,75,75,7,"Max","Jensen","max",2,4,"Value Proposition"
1771,127,68,7,364,364,4,810,11,90,7,"Max","Jensen","max",2,4,"Value Proposition"
4219,281,141,7,854,854,4,9920,45,60,7,"Max","Jensen","max",2,4,"Value Proposition"
2503,182,92,7,510,510,4,9800,44,60,7,"Max","Jensen","max",2,4,"Value Proposition"
2633,182,96,7,536,536,4,1600,13,60,7,"Max","Jensen","max",2,4,"Value Proposition"
1912,138,73,7,392,392,4,1140,11,75,7,"Max","Jensen","max",2,4,"Value Proposition"
3428,248,119,7,696,696,4,45360,73,35,7,"Max","Jensen","max",2,4,"Value Proposition"
4345,290,145,7,878,879,4,2950,40,90,7,"Max","Jensen","max",2,4,"Value Proposition"
2650,191,96,7,539,539,4,14300,43,45,7,"Max","Jensen","max",2,4,"Value Proposition"
2629,189,96,7,535,535,4,2800,36,90,7,"Max","Jensen","max",2,4,"Value Proposition"
1361,110,54,7,281,281,4,14180,41,45,7,"Max","Jensen","max",2,4,"Value Proposition"
3113,223,110,7,633,633,4,3230,51,50,7,"Max","Jensen","max",2,4,"Value Proposition"
103,13,5,7,23,23,4,14030,42,45,7,"Max","Jensen","max",2,4,"Value Proposition"
974,87,41,7,203,203,4,25120,58,70,7,"Max","Jensen","max",2,4,"Value Proposition"
428,34,19,7,94,94,4,1060,14,75,7,"Max","Jensen","max",2,4,"Value Proposition"
2647,191,96,7,539,539,4,5800,42,35,7,"Max","Jensen","max",2,4,"Value Proposition"
2690,198,97,7,547,547,4,25300,56,70,7,"Max","Jensen","max",2,4,"Value Proposition"
2006,161,76,7,411,411,4,120240,72,75,7,"Max","Jensen","max",2,4,"Value Proposition"
2197,166,82,7,449,449,4,14270,39,90,7,"Max","Jensen","max",2,4,"Value Proposition"
4671,307,154,7,943,944,4,2280,34,45,7,"Max","Jensen","max",2,4,"Value Proposition"
196,15,10,7,48,48,4,930,11,75,7,"Max","Jensen","max",2,4,"Value Proposition"
448,49,20,7,98,98,4,10060,54,50,7,"Max","Jensen","max",2,4,"Value Proposition"
280,34,13,6,65,65,6,12060,55,50,6,"Sally","Bronsen","sally",2,6,"Needs Analysis"
1997,159,75,6,409,409,6,50240,71,60,6,"Sally","Bronsen","sally",2,6,"Needs Analysis"
3677,258,126,6,746,746,6,56390,70,85,6,"Sally","Bronsen","sally",2,6,"Needs Analysis"
1144,105,47,6,237,237,6,140150,69,80,6,"Sally","Bronsen","sally",2,6,"Needs Analysis"
2426,180,90,6,495,495,6,12270,51,50,6,"Sally","Bronsen","sally",2,6,"Needs Analysis"
3161,227,111,6,642,642,6,25330,58,45,6,"Sally","Bronsen","sally",2,6,"Needs Analysis"
2732,189,99,6,556,556,6,1200,13,75,6,"Sally","Bronsen","sally",2,6,"Needs Analysis"
3454,235,119,6,701,701,6,5860,31,60,6,"Sally","Bronsen","sally",2,6,"Needs Analysis"
3885,260,132,6,787,787,5,6320,32,50,6,"Sally","Bronsen","sally",2,5,"Negotiation/Review"
1739,129,67,6,357,357,5,6110,31,50,6,"Sally","Bronsen","sally",2,5,"Negotiation/Review"
2427,188,90,6,495,495,5,50270,72,60,6,"Sally","Bronsen","sally",2,5,"Negotiation/Review"
1311,102,52,6,271,271,5,6080,31,50,6,"Sally","Bronsen","sally",2,5,"Negotiation/Review"
4573,314,151,6,924,925,5,50450,75,60,6,"Sally","Bronsen","sally",2,5,"Negotiation/Review"
1105,104,46,6,230,230,5,56150,74,85,6,"Sally","Bronsen","sally",2,5,"Negotiation/Review"
3026,205,107,6,615,615,5,830,12,85,6,"Sally","Bronsen","sally",2,5,"Negotiation/Review"
1310,102,52,6,271,271,5,5680,31,60,6,"Sally","Bronsen","sally",2,5,"Negotiation/Review"
245,38,12,6,58,58,5,56060,76,85,6,"Sally","Bronsen","sally",2,5,"Negotiation/Review"
3716,262,127,6,753,753,5,140390,74,80,6,"Sally","Bronsen","sally",2,5,"Negotiation/Review"
4314,286,144,6,872,873,5,5950,32,60,6,"Sally","Bronsen","sally",2,5,"Negotiation/Review"
4146,286,139,6,839,839,5,140420,72,80,6,"Sally","Bronsen","sally",2,5,"Negotiation/Review"
3132,210,110,6,637,637,5,830,10,70,6,"Sally","Bronsen","sally",2,5,"Negotiation/Review"
1894,142,72,6,388,388,5,6140,37,75,6,"Sally","Bronsen","sally",2,5,"Negotiation/Review"
560,46,25,6,121,121,5,590,10,70,6,"Sally","Bronsen","sally",2,5,"Negotiation/Review"
2857,214,102,6,581,581,5,50330,74,60,6,"Sally","Bronsen","sally",2,5,"Negotiation/Review"
1875,147,71,6,384,384,5,25210,59,45,6,"Sally","Bronsen","sally",2,5,"Negotiation/Review"
4040,269,136,6,818,818,5,6320,35,75,6,"Sally","Bronsen","sally",2,5,"Negotiation/Review"
4422,286,147,6,894,895,5,950,11,70,6,"Sally","Bronsen","sally",2,5,"Negotiation/Review"
57,8,3,6,13,13,3,5530,35,60,6,"Sally","Bronsen","sally",2,3,"Prospecting"
589,58,26,6,126,126,3,25090,56,45,6,"Sally","Bronsen","sally",2,3,"Prospecting"
3247,239,114,6,660,660,3,56360,79,85,6,"Sally","Bronsen","sally",2,3,"Prospecting"
1566,125,61,6,323,323,3,12180,51,50,6,"Sally","Bronsen","sally",2,3,"Prospecting"
1618,137,63,6,333,333,3,55210,80,70,6,"Sally","Bronsen","sally",2,3,"Prospecting"
2302,166,86,6,470,470,3,1170,13,75,6,"Sally","Bronsen","sally",2,3,"Prospecting"
4572,307,151,6,924,925,3,12450,54,50,6,"Sally","Bronsen","sally",2,3,"Prospecting"
710,65,31,6,151,151,3,12090,50,50,6,"Sally","Bronsen","sally",2,3,"Prospecting"
1141,105,47,6,237,237,3,50150,68,60,6,"Sally","Bronsen","sally",2,3,"Prospecting"
4852,311,159,6,980,981,3,980,12,70,6,"Sally","Bronsen","sally",2,3,"Prospecting"
881,67,37,6,185,185,3,620,11,85,6,"Sally","Bronsen","sally",2,3,"Prospecting"
2754,195,99,6,560,560,3,6200,36,75,6,"Sally","Bronsen","sally",2,3,"Prospecting"
1531,128,60,6,316,316,3,56180,73,85,6,"Sally","Bronsen","sally",2,3,"Prospecting"
332,46,15,6,75,75,7,55060,79,70,6,"Sally","Bronsen","sally",2,7,"Qualification"
2856,207,102,6,581,581,7,12330,50,50,6,"Sally","Bronsen","sally",2,7,"Qualification"
3334,244,116,6,677,677,7,55360,80,70,6,"Sally","Bronsen","sally",2,7,"Qualification"
1442,108,57,6,298,298,7,1080,12,75,6,"Sally","Bronsen","sally",2,7,"Qualification"
2276,163,85,6,465,465,7,770,12,70,6,"Sally","Bronsen","sally",2,7,"Qualification"
762,76,33,6,161,161,7,55120,73,70,6,"Sally","Bronsen","sally",2,7,"Qualification"
2391,188,89,6,488,488,7,56270,79,85,6,"Sally","Bronsen","sally",2,7,"Qualification"
2821,212,101,6,574,574,7,56300,74,85,6,"Sally","Bronsen","sally",2,7,"Qualification"
4744,311,156,6,958,959,7,5980,35,60,6,"Sally","Bronsen","sally",2,7,"Qualification"
2168,161,81,6,443,443,7,5740,34,60,6,"Sally","Bronsen","sally",2,7,"Qualification"
1192,108,48,6,247,247,7,55150,80,70,6,"Sally","Bronsen","sally",2,7,"Qualification"
3283,239,115,6,667,667,7,50360,70,60,6,"Sally","Bronsen","sally",2,7,"Qualification"
453,42,20,6,99,99,7,5960,35,50,6,"Sally","Bronsen","sally",2,7,"Qualification"
3158,212,111,6,642,642,7,1230,10,75,6,"Sally","Bronsen","sally",2,7,"Qualification"
1309,96,52,6,271,271,7,680,10,85,6,"Sally","Bronsen","sally",2,7,"Qualification"
4451,303,148,6,899,900,7,25450,60,45,6,"Sally","Bronsen","sally",2,7,"Qualification"
4743,305,156,6,958,959,7,980,14,85,6,"Sally","Bronsen","sally",2,7,"Qualification"
3562,239,123,6,723,723,7,890,13,70,6,"Sally","Bronsen","sally",2,7,"Qualification"
2324,172,86,6,474,474,7,6170,38,75,6,"Sally","Bronsen","sally",2,7,"Qualification"
4624,318,153,6,934,935,7,55480,79,70,6,"Sally","Bronsen","sally",2,7,"Qualification"
3180,223,112,6,646,646,7,6260,36,75,6,"Sally","Bronsen","sally",2,7,"Qualification"
3712,256,127,6,753,753,7,12390,55,50,6,"Sally","Bronsen","sally",2,7,"Qualification"
4313,279,144,6,872,873,7,950,11,85,6,"Sally","Bronsen","sally",2,7,"Qualification"
452,42,20,6,99,99,7,5560,34,60,6,"Sally","Bronsen","sally",2,7,"Qualification"
4018,262,136,6,814,814,7,1320,14,75,6,"Sally","Bronsen","sally",2,7,"Qualification"
58,8,3,6,13,13,7,5930,32,50,6,"Sally","Bronsen","sally",2,7,"Qualification"
4448,288,148,6,899,900,7,1350,15,75,6,"Sally","Bronsen","sally",2,7,"Qualification"
4142,281,139,6,839,839,7,12420,55,50,6,"Sally","Bronsen","sally",2,7,"Qualification"
2430,189,90,6,495,495,7,140270,78,80,6,"Sally","Bronsen","sally",2,7,"Qualification"
608,55,26,6,130,130,7,5990,38,75,6,"Sally","Bronsen","sally",2,7,"Qualification"
1445,121,57,6,298,298,4,25180,59,45,6,"Sally","Bronsen","sally",2,4,"Value Proposition"
3883,254,132,6,787,787,4,920,10,85,6,"Sally","Bronsen","sally",2,4,"Value Proposition"
2169,161,81,6,443,443,4,6140,32,50,6,"Sally","Bronsen","sally",2,4,"Value Proposition"
2735,201,99,6,556,556,4,25300,57,45,6,"Sally","Bronsen","sally",2,4,"Value Proposition"
1038,87,43,6,216,216,4,6050,40,75,6,"Sally","Bronsen","sally",2,4,"Value Proposition"
1140,100,47,6,237,237,4,12150,54,50,6,"Sally","Bronsen","sally",2,4,"Value Proposition"
2000,161,75,6,409,409,4,140240,80,80,6,"Sally","Bronsen","sally",2,4,"Value Proposition"
600,59,26,5,129,129,6,2490,60,90,5,"Sarah","Smith","sarah",2,6,"Needs Analysis"
2920,203,104,5,593,593,6,9830,30,45,5,"Sarah","Smith","sarah",2,6,"Needs Analysis"
2149,153,80,5,439,439,6,1840,11,35,5,"Sarah","Smith","sarah",2,6,"Needs Analysis"
1135,95,47,5,236,236,6,2050,38,60,5,"Sarah","Smith","sarah",2,6,"Needs Analysis"
4636,304,153,5,936,937,6,9980,31,45,5,"Sarah","Smith","sarah",2,6,"Needs Analysis"
3768,254,128,5,764,764,6,5490,38,25,5,"Sarah","Smith","sarah",2,6,"Needs Analysis"
2490,180,92,5,507,507,6,9800,33,45,5,"Sarah","Smith","sarah",2,6,"Needs Analysis"
2554,193,94,5,520,520,6,30300,60,90,5,"Sarah","Smith","sarah",2,6,"Needs Analysis"
2984,217,106,5,606,606,6,30330,56,90,5,"Sarah","Smith","sarah",2,6,"Needs Analysis"
336,34,16,5,76,76,6,5160,36,25,5,"Sarah","Smith","sarah",2,6,"Needs Analysis"
4462,303,148,5,902,903,6,2850,60,90,5,"Sarah","Smith","sarah",2,6,"Needs Analysis"
1886,149,72,5,387,387,5,2640,57,90,5,"Sarah","Smith","sarah",2,5,"Negotiation/Review"
766,67,33,5,162,162,5,5220,40,25,5,"Sarah","Smith","sarah",2,5,"Negotiation/Review"
408,47,18,5,90,90,5,30060,60,90,5,"Sarah","Smith","sarah",2,5,"Negotiation/Review"
827,63,35,5,174,174,5,720,15,60,5,"Sarah","Smith","sarah",2,5,"Negotiation/Review"
1630,125,63,5,335,335,5,9710,32,45,5,"Sarah","Smith","sarah",2,5,"Negotiation/Review"
1204,98,49,5,249,249,5,9650,33,45,5,"Sarah","Smith","sarah",2,5,"Negotiation/Review"
3008,205,107,5,611,611,5,1930,11,35,5,"Sarah","Smith","sarah",2,5,"Negotiation/Review"
4628,307,153,5,935,936,5,5580,39,25,5,"Sarah","Smith","sarah",2,5,"Negotiation/Review"
1561,124,61,5,322,322,5,2080,40,60,5,"Sarah","Smith","sarah",2,5,"Negotiation/Review"
709,70,30,5,150,150,5,85090,70,50,5,"Sarah","Smith","sarah",2,5,"Negotiation/Review"
1291,98,52,5,267,267,5,1780,13,35,5,"Sarah","Smith","sarah",2,5,"Negotiation/Review"
3346,229,116,5,679,679,5,9860,30,45,5,"Sarah","Smith","sarah",2,5,"Negotiation/Review"
1800,149,69,5,369,369,5,140210,74,45,5,"Sarah","Smith","sarah",2,5,"Negotiation/Review"
4689,304,155,5,947,948,5,1080,14,60,5,"Sarah","Smith","sarah",2,5,"Negotiation/Review"
3516,252,121,5,713,713,5,140360,72,45,5,"Sarah","Smith","sarah",2,5,"Negotiation/Review"
2482,180,92,5,506,506,5,5400,37,25,5,"Sarah","Smith","sarah",2,5,"Negotiation/Review"
705,55,30,5,150,150,5,1990,10,60,5,"Sarah","Smith","sarah",2,5,"Negotiation/Review"
3707,254,127,5,752,752,5,2290,40,60,5,"Sarah","Smith","sarah",2,5,"Negotiation/Review"
6,2,1,5,2,2,5,600,11,60,5,"Sarah","Smith","sarah",2,5,"Negotiation/Review"
4376,304,146,5,884,885,3,140450,78,45,5,"Sarah","Smith","sarah",2,3,"Prospecting"
2746,201,99,5,559,559,3,2700,59,90,5,"Sarah","Smith","sarah",2,3,"Prospecting"
2230,175,83,5,455,455,3,140270,70,45,5,"Sarah","Smith","sarah",2,3,"Prospecting"
2855,212,102,5,580,580,3,85330,70,50,5,"Sarah","Smith","sarah",2,3,"Prospecting"
1456,121,57,5,301,301,3,2580,56,90,5,"Sarah","Smith","sarah",2,3,"Prospecting"
3946,276,133,5,799,799,3,140420,79,45,5,"Sarah","Smith","sarah",2,3,"Prospecting"
4259,276,142,5,776,862,3,1050,13,60,5,"Sarah","Smith","sarah",2,3,"Prospecting"
3399,229,118,5,690,690,3,960,11,60,5,"Sarah","Smith","sarah",2,3,"Prospecting"
2052,155,77,5,420,420,3,5340,40,25,5,"Sarah","Smith","sarah",2,3,"Prospecting"
3602,253,124,5,731,731,3,2790,57,90,5,"Sarah","Smith","sarah",2,3,"Prospecting"
2124,168,80,5,434,434,3,30240,60,90,5,"Sarah","Smith","sarah",2,3,"Prospecting"
4270,290,143,5,863,864,3,30450,57,90,5,"Sarah","Smith","sarah",2,3,"Prospecting"
3338,231,116,5,678,678,3,5460,35,25,5,"Sarah","Smith","sarah",2,3,"Prospecting"
3829,253,130,5,776,776,7,990,13,60,5,"Sarah","Smith","sarah",2,7,"Qualification"
514,58,23,5,111,111,7,140090,80,45,5,"Sarah","Smith","sarah",2,7,"Qualification"
944,91,40,5,197,197,7,140120,75,45,5,"Sarah","Smith","sarah",2,7,"Qualification"
2113,149,79,5,432,432,7,840,10,60,5,"Sarah","Smith","sarah",2,7,"Qualification"
1266,108,51,5,262,262,7,30150,57,90,5,"Sarah","Smith","sarah",2,7,"Qualification"
279,38,13,5,64,64,7,85060,72,50,5,"Sarah","Smith","sarah",2,7,"Qualification"
1565,129,61,5,322,322,7,85180,70,50,5,"Sarah","Smith","sarah",2,7,"Qualification"
2421,178,90,5,494,494,7,2170,40,60,5,"Sarah","Smith","sarah",2,7,"Qualification"
4198,281,141,5,850,850,7,5520,40,25,5,"Sarah","Smith","sarah",2,7,"Qualification"
4571,313,151,5,923,924,7,85450,72,50,5,"Sarah","Smith","sarah",2,7,"Qualification"
2660,203,97,5,541,541,7,140300,76,45,5,"Sarah","Smith","sarah",2,7,"Qualification"
3410,241,118,5,692,692,7,30360,56,90,5,"Sarah","Smith","sarah",2,7,"Qualification"
4567,301,151,5,923,924,7,2350,36,60,5,"Sarah","Smith","sarah",2,7,"Qualification"
2316,176,86,5,473,473,7,2670,56,90,5,"Sarah","Smith","sarah",2,7,"Qualification"
1139,106,47,5,236,236,7,85150,78,50,5,"Sarah","Smith","sarah",2,7,"Qualification"
1694,135,65,5,348,348,7,30210,60,90,5,"Sarah","Smith","sarah",2,7,"Qualification"
4141,286,139,5,838,838,4,85420,69,50,5,"Sarah","Smith","sarah",2,4,"Value Proposition"
1991,151,75,5,408,408,4,2140,40,60,5,"Sarah","Smith","sarah",2,4,"Value Proposition"
433,34,19,5,95,95,4,1660,12,35,5,"Sarah","Smith","sarah",2,4,"Value Proposition"
38,3,2,5,9,9,4,1630,12,35,5,"Sarah","Smith","sarah",2,4,"Value Proposition"
957,74,40,8,200,200,6,1720,13,45,8,"Will","Westin","will",3,6,"Needs Analysis"
4172,276,140,8,845,845,6,6120,30,45,8,"Will","Westin","will",3,6,"Needs Analysis"
893,69,38,8,187,187,6,1020,10,70,8,"Will","Westin","will",3,6,"Needs Analysis"
2538,177,93,8,517,517,6,1300,11,70,8,"Will","Westin","will",3,6,"Needs Analysis"
3742,253,128,8,759,759,6,6090,31,45,8,"Will","Westin","will",3,6,"Needs Analysis"
2110,165,79,8,431,431,6,2540,57,50,8,"Will","Westin","will",3,6,"Needs Analysis"
3394,229,118,8,689,689,6,1360,11,70,8,"Will","Westin","will",3,6,"Needs Analysis"
2927,219,104,8,595,595,6,150330,80,35,8,"Will","Westin","will",3,6,"Needs Analysis"
1637,133,63,8,337,337,6,150210,71,35,8,"Will","Westin","will",3,6,"Needs Analysis"
1172,89,48,8,243,243,6,950,13,50,8,"Will","Westin","will",3,6,"Needs Analysis"
1598,119,62,8,329,329,5,1010,11,50,8,"Will","Westin","will",3,5,"Negotiation/Review"
499,49,22,8,108,108,5,13090,43,90,8,"Will","Westin","will",3,5,"Negotiation/Review"
4643,318,153,8,938,939,5,150480,78,35,8,"Will","Westin","will",3,5,"Negotiation/Review"
2539,189,93,8,517,517,5,10800,55,80,8,"Will","Westin","will",3,5,"Negotiation/Review"
1171,89,48,8,243,243,5,1950,11,45,8,"Will","Westin","will",3,5,"Negotiation/Review"
3743,254,128,8,759,759,5,2190,32,45,8,"Will","Westin","will",3,5,"Negotiation/Review"
314,26,15,8,71,71,5,1760,13,50,8,"Will","Westin","will",3,5,"Negotiation/Review"
955,74,40,8,200,200,5,1620,14,45,8,"Will","Westin","will",3,5,"Negotiation/Review"
824,76,35,8,173,173,5,2420,58,50,8,"Will","Westin","will",3,5,"Negotiation/Review"
3073,217,108,8,624,624,5,13330,42,90,8,"Will","Westin","will",3,5,"Negotiation/Review"
2457,178,91,8,501,501,5,2070,32,45,8,"Will","Westin","will",3,5,"Negotiation/Review"
4213,292,141,8,853,853,5,150420,79,35,8,"Will","Westin","will",3,5,"Negotiation/Review"
2497,193,92,8,509,509,5,150300,76,35,8,"Will","Westin","will",3,5,"Negotiation/Review"
311,26,15,8,71,71,5,1860,14,45,8,"Will","Westin","will",3,5,"Negotiation/Review"
2244,161,84,8,458,458,5,1470,15,75,8,"Will","Westin","will",3,5,"Negotiation/Review"
2456,177,91,8,501,501,5,5970,31,45,8,"Will","Westin","will",3,5,"Negotiation/Review"
3313,227,115,8,673,673,5,2160,30,45,8,"Will","Westin","will",3,5,"Negotiation/Review"
3530,235,122,8,716,716,5,1590,10,75,8,"Will","Westin","will",3,5,"Negotiation/Review"
1680,133,65,8,345,345,5,2510,55,50,8,"Will","Westin","will",3,5,"Negotiation/Review"
1813,129,69,8,372,372,5,1810,15,45,8,"Will","Westin","will",3,5,"Negotiation/Review"
2026,149,76,8,415,415,5,5940,31,45,8,"Will","Westin","will",3,5,"Negotiation/Review"
3465,233,120,8,703,703,5,1260,12,70,8,"Will","Westin","will",3,5,"Negotiation/Review"
2108,151,79,8,431,431,5,1240,13,70,8,"Will","Westin","will",3,5,"Negotiation/Review"
4256,288,142,8,861,861,5,2750,59,50,8,"Will","Westin","will",3,5,"Negotiation/Review"
3099,210,109,8,630,630,5,1930,14,45,8,"Will","Westin","will",3,5,"Negotiation/Review"
3312,229,115,8,673,673,5,6060,33,45,8,"Will","Westin","will",3,5,"Negotiation/Review"
3527,237,122,8,716,716,5,1890,14,45,8,"Will","Westin","will",3,5,"Negotiation/Review"
4255,288,142,8,861,861,5,10950,56,80,8,"Will","Westin","will",3,5,"Negotiation/Review"
741,58,32,8,157,157,5,1920,11,45,8,"Will","Westin","will",3,5,"Negotiation/Review"
127,8,6,8,28,28,5,1230,13,75,8,"Will","Westin","will",3,5,"Negotiation/Review"
2030,144,76,8,415,415,5,1940,15,50,8,"Will","Westin","will",3,5,"Negotiation/Review"
3097,208,109,8,630,630,5,1830,10,45,8,"Will","Westin","will",3,5,"Negotiation/Review"
1385,105,55,8,286,286,5,1380,13,75,8,"Will","Westin","will",3,5,"Negotiation/Review"
1211,110,49,8,251,251,3,150150,75,35,8,"Will","Westin","will",3,3,"Prospecting"
4254,276,142,8,861,861,3,1450,15,70,8,"Will","Westin","will",3,3,"Prospecting"
1384,105,55,8,286,286,3,1780,12,45,8,"Will","Westin","will",3,3,"Prospecting"
1597,124,62,8,329,329,3,2010,35,45,8,"Will","Westin","will",3,3,"Prospecting"
4387,283,146,8,887,888,3,1950,12,45,8,"Will","Westin","will",3,3,"Prospecting"
4791,318,158,8,967,968,3,13480,41,90,8,"Will","Westin","will",3,3,"Prospecting"
2890,205,103,8,587,587,3,2030,40,50,8,"Will","Westin","will",3,3,"Prospecting"
1252,106,50,8,259,259,3,2450,55,50,8,"Will","Westin","will",3,3,"Prospecting"
1600,119,62,8,329,329,3,1910,12,50,8,"Will","Westin","will",3,3,"Prospecting"
781,76,33,8,165,165,3,150120,68,35,8,"Will","Westin","will",3,3,"Prospecting"
2215,168,83,8,452,452,3,13270,42,90,8,"Will","Westin","will",3,3,"Prospecting"
4389,297,146,8,887,888,7,2050,56,45,8,"Will","Westin","will",3,7,"Qualification"
1678,124,65,8,345,345,7,1210,15,70,8,"Will","Westin","will",3,7,"Qualification"
4686,316,155,8,946,947,7,2780,55,50,8,"Will","Westin","will",3,7,"Qualification"
4684,303,155,8,946,947,7,1480,12,70,8,"Will","Westin","will",3,7,"Qualification"
4604,297,152,8,930,931,7,1280,15,50,8,"Will","Westin","will",3,7,"Qualification"
4819,322,158,8,973,974,7,2080,56,45,8,"Will","Westin","will",3,7,"Qualification"
2027,151,76,8,415,415,7,2040,34,45,8,"Will","Westin","will",3,7,"Qualification"
1596,124,62,8,329,329,7,5910,35,45,8,"Will","Westin","will",3,7,"Qualification"
1320,98,53,8,273,273,7,1080,10,70,8,"Will","Westin","will",3,7,"Qualification"
392,32,18,8,87,87,7,1060,13,70,8,"Will","Westin","will",3,7,"Qualification"
2179,153,81,8,445,445,7,1140,10,70,8,"Will","Westin","will",3,7,"Qualification"
528,42,23,8,114,114,7,1290,13,75,8,"Will","Westin","will",3,7,"Qualification"
744,58,32,8,157,157,7,1820,14,50,8,"Will","Westin","will",3,7,"Qualification"
1679,133,65,8,345,345,7,10710,58,80,8,"Will","Westin","will",3,7,"Qualification"
3895,255,132,8,789,789,7,1320,14,70,8,"Will","Westin","will",3,7,"Qualification"
2645,191,96,8,538,538,7,13300,41,90,8,"Will","Westin","will",3,7,"Qualification"
3746,254,128,8,759,759,7,2090,36,50,8,"Will","Westin","will",3,7,"Qualification"
98,13,5,8,22,22,4,13030,41,90,8,"Will","Westin","will",3,4,"Value Proposition"
2674,184,97,8,544,544,4,1500,12,75,8,"Will","Westin","will",3,4,"Value Proposition"
740,63,32,8,157,157,4,5820,35,45,8,"Will","Westin","will",3,4,"Value Proposition"
2028,144,76,8,415,415,4,1040,14,50,8,"Will","Westin","will",3,4,"Value Proposition"
3960,258,134,8,802,802,4,1620,13,75,8,"Will","Westin","will",3,4,"Value Proposition"
3316,229,115,8,673,673,4,2060,35,50,8,"Will","Westin","will",3,4,"Value Proposition"
1749,125,67,8,359,359,4,1110,10,70,8,"Will","Westin","will",3,4,"Value Proposition"
1382,105,55,8,286,286,4,1680,14,45,8,"Will","Westin","will",3,4,"Value Proposition"
1785,137,68,8,366,366,4,13210,43,90,8,"Will","Westin","will",3,4,"Value Proposition"
351,47,16,8,79,79,4,150060,75,35,8,"Will","Westin","will",3,4,"Value Proposition"
1250,93,50,8,259,259,4,1150,12,70,8,"Will","Westin","will",3,4,"Value Proposition"
