<?xml version="1.0" encoding="UTF-8" ?>
<xmlDataAdapter class="net.sf.jasperreports.data.xml.XmlDataAdapterImpl"><name>Northwind XML</name><dataFile xmlns:xsi="http://www.w3.org/2001/XMLSchema-instance" xsi:type="repositoryDataLocation"><location>data/northwind.xml</location></dataFile><useConnection>true</useConnection><namespaceAware>false</namespaceAware><datePattern>yyyy-MM-dd</datePattern><numberPattern>#,##0.##</numberPattern><selectExpression></selectExpression><locale xmlns:xsi="http://www.w3.org/2001/XMLSchema-instance" xmlns:java="http://java.sun.com" xsi:type="java:java.lang.String">en_US</locale><timeZone xmlns:xsi="http://www.w3.org/2001/XMLSchema-instance" xmlns:java="http://java.sun.com" xsi:type="java:java.lang.String">Europe/Rome</timeZone></xmlDataAdapter>